title,description,image
"Item 10
Extra line 1
Extra line 2
Extra line 3",Description 10,https://www.google.nl
Item 11,Description 11,
Item 12,Description 12,http://comps.canstockphoto.com/can-stock-photo_csp9177473.jpg
Item 13,Description 13,http://farm4.staticflickr.com/3770/10379608353_cb362676b_b.jpg
"Item 14, ""extra data""",Description 14,http://www.rubberdragon.com/website-design/44/content/just-in-time-stock.png?1290605562
Item 15,Description 15,
Item 16,Description 16,http://farm4.staticflickr.com/3789/10437199943_8f6476cef1.jpg
Item 17,Description 17,
Item 18,Description 18,http://comps.canstockphoto.com/can-stock-photo_csp9177473.jpg
Item 19,Description 19,"https://www.google.nl/url?sa=i&rct=j&q=&esrc=s&source=images&cd=&cad=rja&docid=vp47OjPgb8jYjM&tbnid=mB4KC2XedUiDgM:&ved=0CAUQjRw&url=http%3A%2F%2Fwww.naturestocklibrary.com%2F&ei=O8pjUs3_MIbI0QXUnIDIAw&bvm=bv.54934254,d.d2k&psig=AFQjCNHp_WiQTk5MfZ8JliMxj6JYTc206w&ust=1382357938513870"
Item 20,Description 20,http://www.officialpsds.com/images/stocks/ALLEY-stock1502.jpg
Item 21,Description 21,https://www.google.com
Item 22,Description 22,
Item 23,Description 23,http://comps.canstockphoto.com/can-stock-photo_csp3928973.jpg
Item 24,Description 24,test,xx.jpg

